<?xml version="1.0" encoding="UTF-8"?>
<project-private xmlns="http://www.netbeans.org/ns/project-private/1">
    <editor-bookmarks xmlns="http://www.netbeans.org/ns/editor-bookmarks/2" lastBookmarkId="0"/>
    <open-files xmlns="http://www.netbeans.org/ns/projectui-open-files/2">
        <group>
            <file>file:/C:/Users/aguir/Documents/NetBeansProjects/Pagina-de-la-empresa/Mhef_Technology/public_html/style2.css</file>
            <file>file:/C:/Users/aguir/Documents/NetBeansProjects/Pagina-de-la-empresa/Mhef_Technology/public_html/siguiente.html</file>
            <file>file:/C:/Users/aguir/Documents/NetBeansProjects/Pagina-de-la-empresa/Mhef_Technology/public_html/index.html</file>
            <file>file:/C:/Users/aguir/Documents/NetBeansProjects/Pagina-de-la-empresa/Mhef_Technology/public_html/styles3.css</file>
        </group>
    </open-files>
</project-private>
